Florida,New York,R&D Spend,Administration,Marketing Spend,Profit
0,1,-1.3477130509265458,-1.0473750172763094,-1.3325672383878773,65471.1737
0,0,0.9767830428897626,0.7596980430061577,0.958192007758754,157591.1208
0,1,-1.30201296450609,-1.011847572703749,-1.2875304254401134,67282.27141
0,1,0.8584155077318748,0.6676786217090819,0.8415424137163506,152900.2069
0,0,1.6202919956366693,1.2599646089214165,1.5923613172566047,183093.4268
1,0,-1.3604530278484745,-1.0572791321661321,-1.345122312000128,64966.2875
1,0,-1.11981620487133,-0.8702070511264389,-1.1079779997380348,74502.74207
1,0,0.5080769207010988,0.39532392733317534,0.49628850685025244,139016.2635
1,0,-1.650195887083071,-1.2825264507525158,-1.630659953936048,53483.75718
0,0,0.40188888970715325,0.3127729068652974,0.39164164893126124,134808.0242
0,0,0.8589328672007857,0.6680808158120255,0.8420522648070455,152920.7099
0,0,-1.32747136170541,-1.0316390425045547,-1.312619328915044,66273.3533
1,0,0.830758332789684,0.6461778156234537,0.8142866444822147,151804.1511
0,0,1.3500578997089183,1.0498834825627437,1.3260492960970167,172384.0302
0,1,-1.3540722610652411,-1.052318689058144,-1.3388341533192174,65219.15775
1,0,1.3910155243310247,1.0817241175988208,1.3664124775332391,174007.1838
1,0,1.4202678909690238,1.1044650259509659,1.395240286437603,175166.4572
1,0,1.1667401945581848,0.907371532864181,1.145392194316264,165119.1364
0,1,0.3202969901310096,0.24934301378113322,0.311233942302377,131574.5314
0,1,-0.44461079312871143,3.423814941495332,-1.5273150126310366,97483.56
0,0,-0.4965920546346351,-0.3857099685933041,-0.49379908721215876,99201.1599
0,1,1.0001288889243631,0.7778471937428859,0.9811990215737597,158516.3184
1,0,1.5978084153835865,1.2424857779071583,1.5702040556264227,182202.4009
1,0,0.7017202585855107,0.5458630671956397,0.6871213800893415,146690.3629
0,1,1.5700434572187059,1.2209011832746335,1.5428420676444334,181102.0736
0,1,0.5958555772596343,0.4635634237157568,0.5827931773129134,142494.938
0,0,-0.2825776876618598,-0.21933429408604016,-0.28289084200281184,107682.5646
0,1,-0.01893992496272182,-0.01438118792914523,-0.02307941701984177,118130.5481
0,0,0.22781898506320072,0.17745022781975459,0.22009812782731597,127909.6214
0,0,1.561248346247222,1.2140638267880348,1.5341746046076126,180753.5228
0,0,0.8418384480821907,0.6547915369629286,0.825205947175526,152243.2568
0,0,-0.25498518265328285,-0.19788376793693443,-0.25569880401738826,108776.0576
1,0,-0.5142685031557548,-0.39945171013455844,-0.5112189860820873,98500.64098
0,0,-0.6254792323270428,-0.48590740851654207,-0.620815645358037,94093.35179
0,0,1.1249418607990982,0.874877326737162,1.1042005055457864,163462.6654
0,0,-0.8125057581705307,-8.08448977686218,-0.3293063726462183,89949.14
0,1,-1.5667932293657394,-1.217688866960738,-1.548467770581628,56789.0105
0,1,0.5957477940369446,0.46347963516886187,0.5826869585650596,142490.6665
0,1,1.1068989493208334,0.8608506882502315,1.0864194618321577,162747.6235
0,0,-0.5341437294197454,-0.41490279930794394,-0.5308057507112212,97712.98433
1,0,-0.07155969427985967,-0.055288018344166565,-0.07493548348878187,116045.2229
0,1,1.4338701336724708,1.1150394719105685,1.408645111133679,175705.515
0,0,-1.3041039590262713,-1.0134731204416767,-1.289591072451465,67199.40514
0,1,-1.5710398883397159,-1.2209902423731156,-1.5526527951924447,56620.7151
1,0,-0.6877994916862585,-0.5343554350983146,-0.6822314123457672,91623.59544
0,1,1.0113599007286356,0.7865782349342503,0.9922670305140656,158961.4042
1,0,-1.3895113846856322,-1.0798692234033267,-1.373758927158355,63814.70273
1,0,-0.4266838563980608,-0.33136304221423735,-0.42490550936556293,101971.6268
0,1,0.2047102621185175,0.15948540280834753,0.19732479635858557,126993.8211
0,1,-1.7363146820121844,-1.349475564932058,-1.715528853589869,50070.86316
0,1,-1.5924671930104388,-1.2376479138553336,-1.5737691121027646,55771.54948
1,0,0.26088148862328275,0.543692576178179,0.2521307041633546,141585.52
1,0,0.27155741683070284,0.21145266183281172,0.26320175736215046,129642.9786
1,0,0.18259314482258,0.142291468739767,0.17552867847110526,126117.3181
0,1,-1.7063940593935087,-1.3262151426250832,-1.6860424874579156,51256.61958
0,0,0.5539063469887822,0.43095190908416003,0.5414527822954408,140832.487
0,0,0.554854839348452,0.4316892800693055,0.5423875083775496,140870.0758
1,0,-1.1612282435602965,-4.291352528982555,-0.6877770031646432,77798.83
1,0,1.559502258039648,1.2127064160169452,1.5324538586903904,180684.3252
1,0,1.0538696037574746,0.8196254522791598,1.0341597641213744,160646.0668
1,0,-0.33323580232604416,-0.2587161252888719,-0.3328137250588222,105674.9799
0,1,0.18709848353101172,0.14579392985630704,0.17996862873736913,126295.865
0,1,1.0180640171799382,0.7917900436829214,0.9988738454385372,159227.0888
0,0,0.22054124630074315,1.4713001011169526,0.28323928253834246,134307.35
1,0,-0.3964183274667779,-0.30783449428773635,-0.3950792431303784,103171.0519
0,0,1.2789640860227565,0.9946148594732122,1.2559873109230344,169566.5772
0,1,0.3882866470037063,0.3021984609056931,0.3782368231341871,134268.9664
0,0,1.6752829958529816,1.3027148441046794,1.646554199481316,185272.7241
1,0,1.2789209727336805,0.9945813395155294,1.255944823423893,169564.8687
0,0,-0.24213742250866416,-0.18789586450021684,-0.2430375116572843,109285.2152
0,1,0.17916563834104582,0.13962690443948667,0.1721509178853722,125981.4858
1,0,-0.5280216423709674,-0.4101434645987388,-0.5247725170251588,97955.60308
0,0,1.1720646857590586,0.9115108050928183,1.1506394070662147,165330.1463
0,1,-0.276822063570227,-0.21485985632251284,-0.27721875316044964,107910.6604
0,0,-0.03137810886111942,-0.0240506858098142,-0.0353370781381026,117637.622
0,0,-0.9933864846562488,-0.7719200558868063,-0.9833832323462102,79513.16096
0,0,1.3722612435830075,1.067144456546688,1.3479303889827803,173263.9503
1,0,-0.968359220347688,-0.7524637516208907,-0.9587192038626937,80504.99325
1,0,0.8355007945880332,0.6498646251599336,0.8189602759937564,151992.0952
0,0,-1.0697401196096705,-0.8312776939630749,-1.0586287001224288,76487.26093
0,0,0.6836989037517838,0.5318531886875489,0.6693615801252844,145976.1753
0,0,-0.45893259662683517,-0.35643334933176934,-0.45668620386424524,100693.6069
0,0,0.32245265458480465,0.2510188414555849,0.3133583205624407,131659.9605
0,0,-0.015533975125725595,-0.011733394955016472,-0.019722900183679413,118265.5261
0,1,1.5164536388973602,1.1792402332429373,1.490030031343814,178978.3053
0,1,-0.41362052980806263,-0.32120756168372816,-0.41203177840875405,102489.3274
1,0,-1.0815962741055434,-0.8404947178042779,-1.070312778901283,76017.40068
0,1,-0.0726920648174382,3.5454025171767496,0.8015048578387848,111313.02
0,0,-1.3253588105406908,-1.0299967347877874,-1.3105374381541217,66357.07385
1,0,-0.6197451648799479,-0.48144971938454423,-0.6151648002652451,94320.5933
1,0,0.9403523136206258,0.7313766404127706,0.9222900203383658,156147.3684
1,0,1.2035805000735427,0.9360113410136168,1.1816978129784954,166579.1203
1,0,-0.710778874763714,-0.5522197002366752,-0.7048772813170735,90712.92084
1,0,-0.6835959460013582,-0.5310875796436197,-0.6780888745734933,91790.18226
0,1,1.2943124169337774,1.0065467162039077,1.271112881536334,170174.8327
1,0,0.08705409623038216,0.06801900407647393,0.08137624715301292,122331.0988
0,0,-0.46544270327729625,-0.3614943296181834,-0.4631018250425803,100435.6109
0,1,1.3631212262989163,1.0600389744405632,1.3389230259528282,172901.7308
1,0,0.8582646112201092,0.6675613132045058,0.8413937074693555,152894.2269
0,0,0.2547647907356392,0.1983980113401804,0.24665285222462088,128977.4856
0,0,-1.056353443351603,-0.8208708364445707,-1.0454363129220592,77017.77587
0,0,-0.7165991687889608,-0.5567444292840384,-0.7106131014081482,90482.26217
0,0,-0.3572499043413213,-0.2773847899804298,-0.35647929511052023,104723.2993
0,1,-0.77741046303052,-0.6040193821673512,-0.7705418037239338,88072.30621
0,1,-1.6959175301480647,-1.3180706439566057,-1.6757180106333829,51671.80519
1,0,1.0647341526046017,0.8280715965248464,1.0448666282179804,161076.6296
0,0,-0.11872865045913127,-0.9828702955152202,0.7896931348978949,118474.03
1,0,0.44648958725617344,0.3474456719481346,0.43559502844892395,136575.5531
1,0,-0.7572765570320739,-0.5883671959424931,-0.7507001140999513,88870.21435
0,0,0.6542094140238671,0.508927943262776,0.640300088874645,144807.5047
1,0,0.5978819018462017,0.4651386915171603,0.5847900930755525,142575.2414
0,0,0.9858368335957018,0.7667364965442308,0.9671143946894255,157949.9232
1,0,-1.1590061846413247,-0.900673504065275,-1.146599191507464,72949.64036
0,0,-1.0356590645951702,-0.8047829361590864,-1.0250422836072435,77837.89559
1,0,0.6190936400715453,0.48162878590558833,0.605693972380066,143415.8641
0,1,1.0803174509410862,-2.5774614333907055,1.4964993823082486,156991.12
0,1,0.6101476325882957,0.4746741209144119,0.5968778041972482,143061.3332
0,1,0.7062387468471105,0.00996724863052579,0.3835544810164925,129917.04
1,0,-0.5890269464133681,-0.45756924594431186,-0.5848924141880785,95537.9585
1,0,0.04648449120995879,0.036480025964914294,0.04139545320906353,120723.3224
0,0,-0.8271416419795724,-0.642680613711189,-0.8195512033464081,86101.45602
0,0,0.2913464165165417,0.22683672243814526,0.28270354699300126,130427.2181
0,0,-0.935054204536554,-0.7265722963186285,-0.9258975645340489,81824.87341
0,1,-0.6660488373474662,-0.5174463866281017,-0.660796438200989,92485.57543
1,0,0.4332322508653337,0.3371393629553667,0.4225301037459789,136050.1639
1,0,-0.29930564382330965,-0.23233868733677113,-0.2993760158916294,107019.6345
0,1,-0.6691529941609311,-0.519859573940387,-0.6638555425431617,92362.55748
1,0,1.3787066802998549,1.07215516824389,1.354282278912403,173519.3834
0,0,-0.6183224263404432,-0.48034367425413793,-0.6137627105915832,94376.97653
0,1,1.1479859138101676,0.8927918718120466,1.1269101057658049,164375.9029
1,0,1.0588276320012031,0.8234798502567414,1.0390458331286232,160842.5538
0,1,0.28233573909967824,0.21983177751044475,0.27382364646047347,130070.1243
1,0,-0.06026401254197346,-0.04650670856358994,-0.06380374329976396,116492.8715
0,0,0.13596612268699246,0.10604342450821447,0.129578383190803,124269.4859
1,0,0.5791276210981846,0.4505590418123361,0.5663080045250936,141832.0079
1,0,-0.4205833259938207,-0.3266204674838736,-0.41889351942907127,102213.3913
1,0,-1.5194117246713237,-1.1808542915536107,-1.5017739429653536,58666.74293
0,1,-0.6974568684392605,-0.541863122654695,-0.691748625365416,91240.87291
0,1,0.6834402240173284,0.5316520916360763,0.6691066540294377,145965.9238
1,0,-0.6873683587954995,-0.5340202695634246,-0.6818065362533554,91640.68127
0,0,-1.4862360487274173,-1.1550633847770848,-1.4690797660240333,59981.49735
0,0,0.8909660409841805,0.6929835344884573,0.873620520709023,154190.1869
1,0,-0.7000221091392766,-0.5438573558851953,-0.6942766348673235,91139.21223
1,0,-0.3140935019763439,-0.24383483000684034,-0.3139492479150927,106433.5906
0,1,-0.22413762431947526,-0.17390274597096742,-0.22529895544279743,109998.5485
0,1,-0.6982544642871646,-0.5424831737879526,-0.69253464520053,91209.26412
0,0,-1.6954432839682296,-1.3177019698113448,-1.6752506474822286,51690.5996
0,0,-0.8662238385268771,-0.67306327810313,-0.8580661763679839,84552.62576
1,0,-0.5662426509689811,-2.209493090894421,-0.13547144325796057,96778.92
1,0,-0.3945860126810521,-0.3064100436012814,-0.3932735211138754,103243.6667
0,0,-0.4504823919679584,-0.3498641184646952,-0.4483586419215537,101028.4891
0,1,-0.5151738822263487,-0.40015556116202117,-0.5121112246650549,98464.76074
0,0,0.504024271527964,0.39217338038305644,0.492294676425971,138855.6568
0,1,1.2510266747015724,0.9728961963572683,1.2284553718434819,168459.4156
0,0,-0.17958004005953102,-0.13926348949850112,-0.1813880634242761,111764.3688
1,0,-0.8654477993235109,-0.6724599756014036,-0.8573014002824407,84583.38025
1,0,0.5010278979371889,0.3898439816176661,0.48934179083165213,138736.9103
0,1,0.5650295755703647,0.4395991617286295,0.5524145724878929,141273.3013
0,1,-0.055413767520934534,-0.04273611048021514,-0.05902389304036871,116685.0871
1,0,-1.1644169024203503,-0.9048798162092762,-1.151931380356695,72735.21323
1,0,0.3718389272212499,0.2894119360325863,0.362027820191784,133617.1421
0,0,-0.931562028121406,-0.723857463429136,-0.9224560726996038,81963.26862
1,0,1.0253070497446897,0.7974208065133792,1.0060117552032735,159514.1307
1,0,0.48781367483542504,0.37957119258258093,0.4763193547288461,138213.2296
0,0,1.2466291192158303,0.9694775124403147,1.2241216414260696,168285.1402
0,1,-0.3802077307742389,-0.29523230648726084,-0.3791039203322558,103813.479
0,0,-1.4796181588542665,-1.1499186045964656,-1.4625579256574455,60243.7648
1,0,-0.4072828763139051,-0.316280638533423,-0.4057861072269848,102740.489
1,0,-0.6591722677398599,-0.5121005093960116,-0.6540196721789545,92758.09438
1,0,0.7076483358334471,0.5504715847898962,0.69296341892827,146925.293
1,0,-1.3408364813189395,-1.0420291400442174,-1.3257904723658427,65743.69265
0,0,1.5517849792950615,1.206706967693913,1.5248485853341,180378.4888
0,1,-1.0534648529835176,-0.8186252262260754,-1.0425896460755941,77132.25091
0,1,-1.0237813534547593,-0.7955491523390437,-1.0133369610788188,78308.61013
1,0,1.6692255787378174,1.2980057779846865,1.6405846970439657,185032.6682
0,1,-1.346656775344186,-1.0465538690915808,-1.3315262924569173,65513.03398
0,0,-0.24065001403554556,-0.18673955078059662,-0.24157169073491003,109344.1613
0,0,1.130266351999972,0.8790166103131112,1.1094477182957365,163673.6754
0,0,-0.20268876300421423,-0.15722831450990818,-0.2041613948930065,110848.5685
1,0,-0.03118409906027786,-0.02389986869486567,-0.03514588439196607,117645.3106
0,0,0.4216563327484541,0.3281401961444777,0.41112219481254136,135591.4094
0,0,0.40764365153300475,-3.487981042190699,0.2510859674975009,144259.4
1,0,0.3536882325202953,0.2753015089987609,0.3441405577303023,132897.8287
1,0,-0.29014406989468056,-0.22521643390449297,-0.29034740911210677,107382.7084
0,0,-1.6754818311260873,-1.302183852069904,-1.6555789075245126,52481.67341
0,0,-1.402337588185713,-1.0898403668612047,-1.3863989757688884,63306.39937
0,0,0.5477842599400041,0.42619257437495495,0.5354195486093788,140589.8682
0,0,-1.4907198307913112,-1.1585490859147833,-1.4734984722104272,59803.80475
0,0,-0.2068707520445767,-0.16047940998576335,-0.20828268891570972,110682.8359
1,0,-0.8894403446942502,-0.6911118803141219,-0.8809457265845677,83632.55396
0,0,1.2567607421486673,0.9773538854892645,1.2341062180372715,168686.6571
0,0,0.8961801621650202,-1.5715835590592326,0.8592448076631696,149759.96
0,1,0.44793388244021615,0.34856847705738225,0.43701836187215654,136632.7906
1,0,1.388256273830167,1.0795790672533736,1.3636932731841982,173897.8345
0,0,1.3016416760766807,1.0122445076024156,1.2783357662993529,170465.2918
0,1,-1.0960392259459704,-0.8517227235075107,-1.0845461109316148,75445.02546
1,0,-1.6126442122979607,-1.253333620037876,-1.5936532898864868,54971.93275
0,0,-1.491668323150981,-1.1592864568999273,-1.4744331985127355,59766.21593
0,1,-0.20810810344105496,0.6054412402676956,1.3899497846622246,105008.31
0,1,-1.127253247236923,-0.8759886424191554,-1.1153071032489077,74208.01155
0,0,0.02175901992492925,0.01725833870815238,0.017028838320534385,119743.4502
0,0,1.5057184299174609,1.1708946375229885,1.4794506286436344,178552.8682
0,1,1.2816586665900005,0.9967096298821353,1.2586427829223659,169673.3637
1,0,-1.0657736970146874,-0.8281941755810096,-1.0547198446964303,76644.45054
0,1,0.8401354731636925,0.6534676461495201,0.8235276887574444,152175.7678
0,0,1.2206964758366756,0.9493173684942449,1.1985653743595854,167257.4277
0,1,0.3329938537638626,0.2592136087132765,0.32374652841548646,132077.709
1,0,1.4000262017478882,1.088729051179213,1.3752923769647694,174364.2776
0,1,-0.7606178369354563,-0.590964720327408,-0.7539928996874016,88737.79919
1,0,0.1467228883114299,0.11440578020700615,0.14017902853955563,124695.7773
0,0,-0.6261690449522572,-0.48644367110290304,-0.6214954464452974,94066.01447
0,1,-1.400634613267215,-1.0885164647004861,-1.3847207173508074,63373.88839
0,0,1.178488565831368,0.9165047568111772,1.156970053246267,165584.7252
1,0,1.2040763028979156,0.9363967751377208,1.1821864203196193,166598.769
1,0,0.8230677842843248,3.860175798867545,0.32560556183898426,132602.65
0,0,-0.9267117831003671,-0.7200868539984493,-0.9176762213392111,82155.48418
1,0,-0.9859278856461178,-0.7661217046152485,-0.9760328839847687,79808.74578
0,1,-1.62958773490479,-1.266505579035085,-1.6103509006104126,54300.45973
0,0,1.4665500067920043,1.1404449445629923,1.4408506806237762,177000.6208
0,0,1.573988323169151,1.2239679416778606,1.5467296793208611,181258.409
0,1,1.1994631809667942,0.9328105141269756,1.1776402513055018,166415.9507
0,1,1.2596924458058285,0.979633004318134,1.2369953712818804,168802.8408
0,0,1.2661809958117518,0.9846772246257035,1.2433897498116422,169059.9825
1,0,-0.7337367011966317,-0.5700672167435062,-0.7275019065388091,89803.10053
0,0,0.4392034414023461,0.34178138915999573,0.4284146311850457,136286.8026
0,1,0.776888278089345,0.6042990085614434,0.7611984394371758,149669.2769
0,0,-0.6132135015849488,-0.4763719677719786,-0.608727934236342,94579.44358
0,0,0.14372651472065476,0.1120763814416158,0.1372261440462344,124577.0308
1,0,-0.016698033930774937,-0.01263833168663996,-0.020870064862493022,118219.3944
0,0,-0.6177188402933805,-0.47987444023582887,-0.6131678845026058,94400.89669
1,0,1.1565007884026581,0.8994113712683329,1.135301398957208,164713.348
0,0,-0.654343579363359,-0.5083466712914765,-0.6492610656691299,92949.45565
1,0,0.47845809110595444,0.37229812203535423,0.46709955420318733,137842.4672
0,1,-0.8405283182376398,-0.6530874712296932,-0.8327435905467776,85570.94108
0,0,-1.5187003554015712,-1.1803012689884067,-1.5010728982386223,58694.93455
1,0,1.387350894759573,1.078875216225911,1.362801034601231,173861.9543
1,0,0.9412361360466818,0.7320637201140817,0.9231610151717629,156182.3943
0,1,-1.475457726458442,-1.1466842690994516,-1.4584578762651115,60408.64304
1,0,0.0481874661284569,0.037803928125632956,0.04307371272814208,120790.8114
1,0,0.7858558422171326,0.6112704335314612,0.7700358513695645,150024.6621
0,1,-0.9412194048744079,-0.7313651396382045,-0.9319732857192526,81580.54608
1,0,1.5487239357706726,1.2043273003393105,1.521831969592067,180257.1795
0,0,-0.06612741985629607,-0.051064946221324084,-0.06958205088997997,116260.5043
1,0,1.092650007281248,0.8497734996619473,1.0723773235479626,162182.9369
0,0,1.462324904462566,1.1371603291294543,1.4366869002029286,176833.1797
0,0,1.4783630479988012,1.149628448446514,1.4524922719034887,177468.7724
1,0,-0.34185846014122445,-0.2654194246393634,-0.3413112369980795,105333.2634
1,0,0.03863787259814471,0.030380029116147504,0.033662718456347045,120412.3603
0,1,-0.3482719930241557,3.4612769551353932,-1.3190046065982677,101004.64
0,1,-0.369666531595181,-0.28703752788225906,-0.36871571247921037,104231.2275
0,1,-0.8136471824988152,-0.6321899562984796,-0.8062525973981851,86636.24242
1,0,0.5714318989981362,0.4445763534681486,0.5587239749183742,141527.0259
0,1,-1.5909366712482442,-1.2364580801780323,-1.5722608037913486,55832.20416
1,0,-1.5497634801807583,-1.2044498680481635,-1.5316851846392197,57463.90068
0,0,1.1492146425488308,0.8937470884801941,1.1281210005923328,164424.5975
0,0,0.9354805119550489,0.7275892823505544,0.9174889263294006,155954.2985
0,1,-1.6136358179467065,-1.2541044996333923,-1.5946305036879367,54932.63535
0,1,0.6468370415918879,0.5031966319065819,0.633034716612484,144515.3371
0,1,1.5819642816481927,1.2301684870523621,1.554589877671999,181574.4968
0,0,0.483006543103462,0.375834103109577,0.4715819908675949,138022.7227
0,0,-0.7148746372259247,-0.5554037671444768,-0.7089135992404964,90550.60548
0,0,1.4349264092548304,1.1158606200952972,1.4096860559636415,175747.3753
0,1,-1.0409188858624303,-0.8088719397985115,-1.0302257662094798,77629.44849
1,0,1.046284467243906,2.6100016588133705,1.0672789733866723,155752.6
0,1,0.6527651188398245,0.5078051381535283,0.6388767554514124,144750.2672
0,1,-0.8339750982981028,-0.647992970985598,-0.8262854818693015,85830.64565
0,0,0.5401963210626455,0.4202936859249726,0.5279417388515103,140289.1577
0,1,-1.6309889167997569,-1.26759486418665,-1.6117317463143046,54244.9308
0,1,0.40630800183743315,0.3162083394137822,0.3959966230982447,134983.154
0,1,-0.2820172149038731,-0.21889858002541385,-0.2823385045139736,107704.7762
0,0,-0.739276758842885,-0.5743740774132436,-0.7329615578854645,89583.54765
0,0,1.0013791743075644,0.7788191703898731,0.9824311601498588,158565.8673
0,1,-1.7409444025596001,0.1842846453527184,-2.477633423395974,64926.08
1,0,1.3647595312838006,1.0613125966647576,1.3405375531221975,172966.6569
0,0,-0.45727273499741294,-0.3551429671287317,-0.45505043294530545,100759.3874
1,0,-1.1392387416000238,-0.8853062147860931,-1.1271186456261837,73733.02555
1,0,1.3008514094879193,-3.5332386587176345,1.5329100350448668,166187.94
0,1,-0.9594132128644384,-0.7455090866297127,-0.949903035679876,80859.52417
0,0,1.2726048758840611,0.9896711763440639,1.2497203959916945,169314.5613
1,0,1.2431153861561444,0.9667459195719791,1.2206589047410557,168145.8907
0,1,-0.19236313027053584,-0.1492011243460065,-0.19398562453566828,111257.774
1,0,0.992368496890701,0.7718142368094846,0.9735512607183286,158208.7735
0,1,1.2456590702116226,0.9687233928236381,1.22316567159439,168246.6971
0,0,1.1139910853738193,0.8663641539234234,1.0934086653498993,163028.6854
1,0,-0.7260194224520453,-0.5640677684204758,-0.7198966331825194,90108.93684
0,0,-0.11299156508180107,-0.08749732752550787,-0.11576602851655751,114403.2748
0,0,-1.5023604188418045,-1.1675985326621965,-1.4849701132733744,59342.48741
1,0,-1.7056395768346804,-1.3256286114495102,-1.685298955232043,51286.51978
0,1,-1.1708838957817356,-0.9099072878853177,-1.1583045140358887,72478.92582
0,0,1.5109351378956448,1.1749501325520428,1.484591623746729,178759.6067
0,1,1.6810817332336903,1.3072228018258878,1.6522687758228196,185502.5285
0,0,-0.06750704510672492,-0.05213747139404769,-0.07094165306450048,116205.8296
1,0,1.399142379321832,1.0880419714779,1.3744213821313724,174329.2516
1,0,-0.2829010373299291,-0.21958567107403523,-0.2832094993473702,107669.7503
0,0,0.27778728710217065,0.21629579643622365,0.2693412086950685,129889.8688
0,1,1.5951785047499565,1.2404412760874473,1.5676123137748057,182098.1774
0,1,-1.4077051926756627,-1.0940131590475248,-1.3916886771189783,63093.68082
0,1,-1.6061987755811136,-1.2483229083406742,-1.5873013997366645,55227.36587
0,0,-0.4485207373150049,-0.3483391192525039,-0.446425458508624,101106.2297
1,0,-0.49404837057915696,-0.3837324953416451,-0.49129232035882464,99301.96628
0,0,-1.2618744923764258,-0.9806437601270778,-1.2479745075885755,68872.96194
1,0,-1.7341491015019017,-0.761721410183981,0.7726275612922501,49490.75
0,0,0.2957655286468216,0.2302721549866317,0.2870585211599847,130602.3478
0,1,0.7381509878546474,0.5741844697890268,0.7230233675097297,148134.1153
0,1,-0.6377665197136748,-0.49545959789263505,-0.6329245991283052,93606.40571
1,0,1.0439319906254791,0.8118999076924671,1.0243663812563089,160252.2384
0,1,0.9503977099753108,0.7391859735463583,0.9321896219512851,156545.4682
0,0,0.7972377505331705,0.6201187718800913,0.7812525676578632,150475.728
1,0,-1.1663785570733038,-0.9064048154214674,-1.1538645637696248,72657.47271
0,1,0.3541409220555923,0.27565343451249225,0.34458667647128705,132915.7689
0,0,1.45702196990623,1.1330378055323498,1.431460930101551,176623.024
0,1,-1.072542483399604,-0.8334562642662066,-1.0613903908696138,76376.20305
0,1,-0.314912654468786,-0.2444716411189376,-0.3147565114997773,106401.1276
0,1,0.49727704178758547,0.3869280516767009,0.48564537400235874,138588.2636
0,0,-1.565198037669931,-1.2164487646942246,-1.5468957309114002,56852.22806
0,1,1.118992226906624,0.8702520605113759,1.0983372218562895,163226.881
0,1,1.6088885306760932,1.2510995105939449,1.5811233583197333,182641.5067
1,0,1.4012980437756273,1.08971778780504,1.3765457603914364,174414.6808
0,1,-0.5960328558882021,-0.46301567170214003,-0.5917966427075374,95260.31381
1,0,-0.6175032738480011,-0.479706863142039,-0.6129554470068986,94409.4396
0,1,-0.645979601282634,-0.501844480339766,-0.6410184798257189,93280.9207
0,0,-0.9794177789956566,-0.7610607243288361,-0.969617262806434,80066.74177
1,0,-1.491215633615684,-1.1589345313861958,-1.473987079111152,59784.15604
0,1,0.9344889063063031,0.7268184027550381,0.9165117116471522,155915.0011
0,1,-1.6121484094735878,-1.252948174566462,-1.593164682875662,54991.58145
1,0,1.3210857694499123,1.0273604312409128,1.297497655937073,171235.8626
0,1,1.6678890667764645,1.2969667727696441,1.6392675823685863,184979.7022
0,0,1.2377693383107327,0.9625898873645005,1.2153904482415339,167934.0264
1,0,-0.35470622028584314,-0.2754073280760827,-0.3539725293581838,104824.1057
1,0,0.03771093688301282,0.029659429457155273,0.032749235022811345,120375.6258
0,0,0.1895559410083381,0.14770437453991075,0.18239041949142282,126393.2542
1,0,-0.6923910569728421,-0.5379249361302185,-0.686756337610314,91441.63138
0,1,-1.317813984952408,-1.0241313549481743,-1.303102115895395,66656.07583
1,0,-0.31909464350914846,-0.2477227365947928,-0.3188778055224805,106235.395
0,1,-1.167650399101043,-0.9073935520472978,-1.1551179471962918,72607.06952
0,1,-1.6567059937335322,-1.2875874310389281,-1.6370755754446822,53225.76119
1,0,-0.8241021550997213,-0.6403177063354277,-0.8165558302529479,86221.9111
1,0,-0.7547328729765957,-0.586389734038146,-0.7481933483476149,88971.02073
0,1,0.5592955081232699,0.43514147259663166,0.546763727395101,141046.0598
0,0,-1.2844283472907019,3.662587336060345,-2.1866310477981665,65200.33
1,0,-1.5027053251544118,-1.167866669629033,-1.4853100137069049,59328.81874
0,1,1.0981253949938874,0.8540300917424725,1.0777732436459053,162399.9269
0,0,1.6148166079240296,1.255708016840893,1.5869653971586617,182876.4368
1,0,1.3315838553398944,1.0355216898882336,1.3078433762909771,171651.9025
0,1,1.5554711655110511,1.209572617698356,1.5284812720156793,180524.5727
1,0,-0.8033215497651368,-0.6241627661345779,-0.7960768270408466,87045.44798
0,0,-1.538920487978169,-1.19602048378132,-1.520999563521486,57893.60924
0,1,0.6013525216168119,0.4678367644278115,0.5882103411604274,142712.7823
1,0,-1.287958032267346,-1.0009212125777236,-1.2736794809020544,67839.26938
0,0,1.1393516154069367,2.799366725096382,-1.092436466709262,156122.51
1,0,1.2834694247311882,0.9981173205897489,1.2604272600883004,169745.1241
1,0,0.638494620155701,0.4967111895864027,0.6248133734176463,144184.7263
0,0,-0.4039200397659848,-0.31366635416966504,-0.40247207788996353,102873.7585
0,0,0.9054952194027593,0.7042785801070556,0.8879388288386351,154765.9792
0,0,0.5626799013157281,0.43777251693923097,0.550099000481693,141180.1836
1,0,-1.0141670899908333,-0.7880749847403443,-1.0038622355583113,78689.62408
1,0,1.2613954207243268,0.9809568951315408,1.2386736308009596,168870.3298
0,1,-0.6869372259047405,-0.5336851040285346,-0.6813816612619413,91657.76709
0,1,-1.6722483344453947,-1.2996701162318824,-1.652392340574816,52609.81711
0,1,-0.9884068997679821,-0.7680488979303833,-0.9784759195893908,79710.50227
0,0,-0.5370107631432929,-0.4171316382002877,-0.533631173808116,97599.36358
1,0,-0.4229761135375332,-0.328480620883643,-0.4212515789344129,102118.5649
0,1,0.9743255854124362,0.7577875983225524,0.9557702170047004,157493.7316
0,1,-0.13717812025338183,-0.10630006070048484,-0.13960154856482107,113444.7599
0,1,0.0016035572819452723,0.0015894038517631503,-0.002834095053018474,118944.6878
1,0,-1.2022488135844538,-0.93429050395423,-1.1892142126001766,71235.93187
0,0,1.3324892344104884,1.0362255295683844,1.3087356159749421,171687.7827
0,0,0.759384282724529,0.5906913241562962,0.7439484905638128,148975.5923
0,1,0.753650215277434,0.5862336350242984,0.7382976443700239,148748.3508
1,0,-1.1431620509059308,-0.8883562132104773,-1.1309850135530408,73577.54452
0,0,-1.050684045838122,-0.8164634159017867,-1.039849197976982,77242.4545
0,0,-0.9313139111427741,-4.487511230561596,-0.5718574751560096,81005.76
0,0,0.6651386328046082,0.5174243560976748,0.6510706853209612,145240.6305
0,1,-0.07546144694122876,-0.058321256789707766,-0.07878060766606812,115890.5961
0,0,1.075124455271894,0.8361490666252706,1.0551061309250285,161488.398
1,0,-0.3119809508116247,-0.24219252229007138,-0.3118673582551681,106517.3112
0,1,-1.6819488244874725,-1.3072113123986338,-1.6619520414239057,52225.38599
1,0,0.6348084339397114,0.4938455395819616,0.6211806878370646,144038.6425
1,0,0.9956451068604695,0.774361481257877,0.9767803150570669,158338.6258
0,1,-0.8724537087983449,-0.6779064013592301,-0.8642056288018997,84305.73556
0,1,1.5773511597170713,1.2265822260416153,1.550043708657882,181391.6784
0,1,-1.0277046627606665,-0.7985991507634262,-1.0172033290056757,78153.1291
1,0,1.135569286556308,0.8831391339102174,1.1146736883971147,163883.8311
1,0,-0.9987756457907365,-0.7761096080519678,-0.9886941774458707,79299.58812
0,1,-0.8964031408800083,-0.6965247974615775,-0.8878074676048853,83356.61784
0,0,0.8424851474183292,0.6552942909389203,0.8258432607636443,152268.8856
1,0,-1.1446115196846627,0.5137163838255547,-0.2841940951178337,90708.19
0,1,-0.3375686878781723,-0.2620845292693031,-0.33708372422752286,105503.2673
1,0,1.452214838174267,1.1293007160593425,1.4267235673412977,176432.517
0,1,0.6067632393958374,0.4720430879191245,0.5935425300096585,142927.2094
0,1,-1.1744407421304974,-0.9126723893640224,-1.161809737119046,72337.96774
1,0,0.6052973875672568,0.4709035228310355,0.592097952836855,142869.1176
1,0,-0.7613076495606707,-0.5915009829137706,-0.754672700774662,88710.46186
0,0,-0.8941828064925993,-0.6947986898506033,-0.8856193580961096,83444.60985
1,0,-0.8355271767048352,-0.6491995646417407,-0.8278150340403876,85769.13667
0,0,-0.02620451417201123,-0.020028710738442687,-0.03023857163514668,117842.6519
0,1,-0.9157610076750881,-0.7115736811847091,-0.906884382244322,82589.46419
0,0,-0.4787862662462878,-0.3718676785263151,-0.4762517247438081,99906.80457
0,1,-0.5168768571448469,-0.40147946332273987,-0.5137894830831361,98397.27172
0,1,-0.7628597279674032,-0.5927075765699132,-0.7562022529457484,88648.95289
0,1,1.484636031559345,1.1545050916602935,1.4586742118365459,177717.3712
0,0,-1.2693762046756325,-0.9864756200090081,-1.2553673434491583,68575.66854
0,1,-0.18820269787471133,-0.14596678884899433,-0.18988557536353345,111422.6523
0,1,1.1771089405809392,0.9154322316384536,1.1556104521727437,165530.0505
0,1,-1.002030699115967,-0.7786401038688291,-0.9919019880350383,79170.59013
0,1,-1.727282447950783,-1.3424538600255163,-1.706627709968369,50428.81124
1,0,-0.7771517832960645,-0.6038182851158802,-0.7702868787290852,88082.55771
0,0,-1.1362854812983245,-0.8830103359783854,-1.124208247531006,73850.06347
0,0,-0.4009667794642855,-0.31137047536195744,-0.399561679794786,102990.7964
1,0,-0.5073057069699967,-0.394038804334413,-0.50435724506177,98776.57709
1,0,0.06564834820419703,0.05137809257309742,0.06028117410236369,121482.7874
0,1,-0.2327171688455797,-0.1805725253637779,-0.23375397988291308,109658.5406
1,0,-0.975322016533446,-0.7578766574210345,-0.9655809448830113,80229.05713
1,0,1.2689402463126094,0.9868222749711539,1.246108953059686,169169.3318
0,1,-1.6854625575471585,-1.3099429052669693,-1.6654147774483206,52086.1365
0,1,0.2537516284423555,0.19761037176582272,0.24565439489379978,128937.3339
0,0,-0.8955193184539523,-0.6958377064129561,-0.8869364727714887,83391.64379
0,0,0.17890695860659042,0.1394258073880157,0.17189599178952591,125971.2343
0,1,1.2706001079420317,0.98811265717419,1.2477447239786255,169235.1122
1,0,1.2748683235605458,0.9914307925654106,1.2519509929996115,169404.2619
0,1,-0.546107667138308,-0.4242036116960418,-0.5425960482379285,97238.85262
0,0,1.5803906465969222,1.2289451334173764,1.5530390817513424,181512.1335
1,0,0.7951683126575273,0.6185099841210051,0.779213164396082,150393.716
1,0,0.06586391464957654,0.05154566966688731,0.06049361159807091,121491.3304
0,1,1.3921149132024602,1.0825787857412321,1.3674959098623432,174050.7527
1,0,0.046872510811641906,0.03678167154212157,0.04177784180233364,120738.6997
1,0,-1.3376892112163985,-1.0395824441215613,-1.3226888805245287,65868.41919
0,0,-0.4522500368200704,-0.3512383005619379,-0.45010063158834696,100958.4372
0,1,-0.33871119003868366,-0.2629727173693971,-0.3382096451567655,105457.9899
0,0,0.3567492760446843,0.2776811763533634,0.34715717347233555,133019.1381
0,1,1.3989268128764527,1.0878743830368016,1.3742089446356656,174320.7087
0,0,-0.10997363484648795,-0.08515118012858805,-0.11279189917266791,114522.8756
1,0,-0.23258782897835198,-0.1804719768380416,-0.23362651738548895,109663.6663
1,0,1.5942084557457488,1.2396871564707723,1.566656343943126,182059.7343
0,0,-1.2194079026366627,-0.9476300513925391,-1.2061242614804082,70555.91594
1,0,1.2240808690291338,0.9519484128368425,1.2019006474461773,167391.5514
0,1,-0.3779442830977541,-0.2934726902659158,-0.37687332332433837,103903.1796
0,0,-0.4481973876469357,-0.34808775361181904,-0.4461068011640656,101119.044
0,0,-0.861050243837769,-0.6690413030317602,-0.8529676687640306,84757.65569
0,1,-1.453189712650739,-1.1293730151789834,-1.4365130519104368,61291.12602
0,1,1.5934108598978445,1.239067105337513,1.5658703241080125,182028.1255
0,1,1.600675449107134,1.2447146281468122,1.5730294776223197,182316.0217
0,0,0.5700522737477073,0.44350382829542334,0.5573643738448517,141472.3512
0,1,-1.2335490614535585,-0.9586234514339284,-1.2200601810167502,69995.5008
0,0,1.1581822066766183,0.9007185134502119,1.1369584136257185,164779.9827
0,1,0.5259042657339841,0.4091829773790057,0.5138571130681738,139722.7625
0,1,-0.49394058735646723,-0.38364870679475016,-0.4911861016109712,99306.23774
1,0,-1.376016925204875,-1.0693785659906174,-1.360460321210132,64349.48913
1,0,1.6691177955151277,1.2979219894377916,1.640478478296112,185028.3968
1,0,-0.33157594069662194,-0.25742574308583427,-0.33117795303888503,105740.7603
0,1,-0.1872110922259656,-0.145195909253478,-0.18890836178228307,111461.9497
0,1,1.0375727804867838,0.8069562359106307,1.018099466324969,160000.2225
0,0,1.303711113952324,1.0138532953615018,1.280375169561134,170547.3037
0,1,-0.04017321983260334,-0.030888042296414585,-0.04400454007392548,117289.0711
1,0,-0.543542426438292,-0.42220938981285333,-0.5400680387360214,97340.51329
0,0,-1.2559033018394132,-0.9760017339224504,-1.2420899801495082,69109.60065
0,1,-1.2657546883932569,-0.9836602385937793,-1.251798388016291,68719.18949
0,1,0.9773866289368252,0.760167265677155,0.9587868338477317,157615.041
0,1,0.8359862502230279,2.971854935231439,0.9322593382231984,152211.77
0,0,-0.8016401314911766,-0.6228556239527007,-0.7944198123723362,87112.08271
1,0,-1.3544387240223863,-1.0526035860038219,-1.3391952970619194,65204.63479
1,0,0.5392478287029756,0.4195563149398272,0.5270070127694017,140251.5689
1,0,1.0734861502870097,0.8348754444010743,1.0534916026546624,161423.4719
0,1,-0.6822594340400052,-0.5300485744285772,-0.676771760999112,91843.14832
1,0,-0.9008869229439019,-0.7000104985992744,-0.8922261741215785,83178.92524
0,0,0.5668187770670147,0.4409900924574034,0.5541778070052549,141344.2075
1,0,-1.342841249260969,-1.0435876592140916,-1.3277661443789115,65664.24355
0,1,1.0835962165753086,0.8427350461238758,1.0634549355162932,161824.1346
0,1,-0.12364054748354875,-0.09577589467740459,-0.1262604551174564,113981.2549
1,0,0.3071043236737837,0.2390869847248894,0.2982327499491417,131051.7051
1,0,0.25500191382555665,0.19858234841281167,0.24688653457089615,128986.8828
0,0,1.0167059485740475,0.7907342784890392,0.997535488114585,159173.2684
1,0,1.441285619393526,1.1208043032244452,1.4159529708949814,175999.3913
0,0,-1.5316990120579557,-1.1904064809297035,-1.5138828972861207,58179.79685
0,0,0.12135071769026184,0.09468135032156268,0.1151751000629081,123690.2763
0,1,-1.0997685254510359,-0.8546218934696328,-1.0882212851123354,75297.23305
0,0,-1.6898169997438246,-1.313328069226242,-1.6697060209170906,51913.56964
0,1,1.6417839702410062,1.2766725603401585,1.6135413653055366,183945.1553
1,0,1.0251777098774622,0.7973202579876428,1.0058842927058493,159509.0049
1,0,-0.11374604764062934,-0.08808387004839294,-0.11650956085253,114373.3746
0,0,-1.7043892914514793,-1.3246566234552093,-1.6840668159953456,51336.06868
0,0,-0.5427448305903878,-0.42158932733228555,-0.5392820189009075,97372.12207
0,0,-0.918412474953256,-0.713634942983263,-0.9094973667445122,82484.38635
0,0,0.4399363673166364,0.34235117170403945,0.4291369197714475,136315.8485
0,1,1.2245982284980448,0.9523506069397861,1.2024104985368715,167412.0544
0,1,-1.5961964925155043,-1.2405470951647692,-1.577444285953186,55623.75707
0,0,-1.3703475276913941,-1.0649711567951436,-1.3548732062650548,64574.16776
0,0,-0.07897518000091473,-0.0610528496580417,-0.08224334325008424,115751.3466
1,0,0.6812198896299194,0.529925995372414,0.6669185456216596,145877.9318
0,1,-0.1613215621358867,-0.12506927391778072,-0.16339458221494063,112487.9536
0,0,1.4159781187059717,1.1011301419282158,1.391012773667046,174996.4532
0,0,-1.7130119492666596,-1.3313599228057025,-1.6925643278245033,50994.35213
0,1,-1.7046910844750105,-1.3248912404643647,-1.6843642289297345,51324.1086
0,1,0.530776067399561,0.4129703354412235,0.5186582070771397,139915.8323
0,0,1.1560480988673612,0.8990594457546016,1.1348552791152255,164695.4079
0,1,-0.2934206798644491,-0.22776368970019728,-0.293576463450845,107252.8561
0,1,-1.303414146401057,-1.012936857855314,-1.2889112713642046,67226.74247
0,0,-0.79666054660291,-0.6189844773435879,-0.7895124996155167,87309.42402
0,1,-1.3574566542576993,-1.0549497334007434,-1.342169426405809,65085.034
0,0,-0.5065081111220925,-0.3934187532011571,-0.5035712252266562,98808.18587
1,0,-1.2295610822140375,-0.9555231844203336,-1.2161300818411809,70153.5447
0,1,-1.3608626040946956,-1.0575975377221822,-1.3455259432419715,64950.05596
1,0,1.3195983609767938,1.026204106173984,1.2960318350146984,171176.9165
1,0,-1.0409619991515062,-0.8089054597561941,-1.0302682537086212,77627.73991
1,0,0.9221153923415194,0.7171991734635798,0.9043177828786018,155424.6379
0,1,-0.21833888693876652,-0.16939478824975737,-0.2195843791012935,110228.3529
0,0,-0.8415630371754614,-0.6538918594355804,-0.8337632927281671,85529.93509
0,0,-1.1900908660650495,-0.9248388631038733,-1.1772327213273328,71717.75221
0,0,0.8869133918110458,0.6898329875383384,0.8696266902847415,154029.5801
1,0,0.4741252055538263,0.36892971805492303,0.4628295539334889,137670.7546
0,0,1.359779946395534,1.0574414500556466,1.3356302403653777,172769.3156
0,0,-0.5236456435297634,-0.40674154066062485,-0.5204600303573171,98129.02423
0,0,-0.7879516622095779,-0.6122141607723529,-0.7809300126779769,87654.55773
0,0,0.6762403047416529,0.5260548487633012,0.6620112317638429,145680.5905
1,0,0.568435525407361,0.44224695470275827,0.5557710904250529,141408.2794
0,0,-0.395623749549109,0.7592041172383859,-1.9911981304271709,97427.84
0,1,-0.3911800628440558,-0.30376223927984236,-0.38991700427771303,103378.6447
0,0,-1.5164369077250865,-1.1785416527670616,-1.4988423013408045,58784.63514
0,1,1.0232160552245084,0.7957952587754515,1.0039511092929194,159431.2644
1,0,1.2495823795175296,0.9717733912480223,1.227032039521247,168402.1781
1,0,1.401470496931931,1.089851856288459,1.376715710388002,174421.5151
0,0,-0.5298539571566933,-0.41156791528519543,-0.5265782390416622,97882.98831
1,0,0.924486623240694,0.7190425782318196,0.906654598634372,155518.6099
0,0,-0.8572131611100137,-0.6660583331754296,-0.8491862758354561,84909.71956
0,0,-0.08080512355574136,-0.10569476107196278,0.41184824881089094,126992.93
1,0,-0.4513877710385524,-0.3505679694921579,-0.44925088050452106,100992.6089
1,0,1.3122044319002766,1.0204560348389486,1.2887452190029671,170883.8945
0,0,-1.5671381356783467,-1.2179570039275744,-1.5488076710151581,56775.34184
0,0,-1.6691657342764676,-1.2972736888984402,-1.6493544800923141,52731.98078
1,0,0.9865913161545301,0.767323027719804,0.9678579270253976,157979.8234
0,1,-0.39053336350791734,-0.3032594966511625,-0.389279690689594,103404.2734
0,1,-0.9799566951091054,-0.761479678410621,-0.9701483576466993,80045.38449
1,0,-1.6806554258151956,-1.3062058271412755,-1.6606774145779672,52276.64348
0,1,-0.3355639199361428,-0.2605260214467409,-0.33510805331545174,105582.7164
0,0,1.3292126244407199,1.033678285119992,1.305506560535206,171557.9304
0,0,-1.1538325899522164,-0.8966515289939035,-1.1415006839035104,73154.67029
0,1,-0.6009477708428549,-0.46683653837472705,-0.5966402242156447,95065.53537
1,0,0.4753539342924895,0.3698849347230706,0.4640404498610146,137719.4492
0,1,-1.290631056190052,-1.0029992343551188,-1.2763137091518149,67733.33725
0,1,-0.4423124236880751,-0.34351275597524517,-0.4403072498242789,101352.2656
0,0,-1.5053136791435038,-1.1698944114699041,-1.4878805110382525,59225.44949
1,0,-0.8706213940126191,-0.6764819506727752,-0.8623999067853964,84378.35032
0,1,0.1811057363494614,0.14113514367283658,0.17406285754873096,126058.372
0,0,-1.2785808918933375,-0.9936313820516571,-1.2644384366268246,68210.88613
1,0,1.5620028288060503,1.2146503693109199,1.5349181369435854,180783.423
0,1,1.06369943366678,0.8272672083189593,1.043846927137589,161035.6236
1,0,0.2152980236497775,-0.9478649747791001,0.7484618740700417,124266.9
0,0,0.26746165436849223,0.208268606272322,0.25916543833773,129480.6633
1,0,0.6545327636919364,0.5091793089034592,0.6406187462192033,144820.3191
0,1,-0.06580407018822682,-0.05081358058063924,-0.06926339464641931,116273.3187
1,0,-1.355020753424911,-1.0530560600432894,-1.339768879401326,65181.56893
0,1,0.8921947697228437,0.6939387625039167,0.8748314166365486,154238.8815
0,0,-0.5176097830591372,-0.40204923451947333,-0.5145117716695375,98368.22581
0,0,-1.2106559049542547,-0.9408262148636214,-1.1974992870437269,70902.75824
0,1,0.8302194166762352,0.6457588615416687,0.8137555496419493,151782.7938
0,0,-1.2275778709165461,-0.9539814252293009,-1.2141756546786806,70232.13951
1,0,1.1271406385419693,0.8765866630219845,1.1063673702039936,163549.8031
1,0,1.3640266053695103,1.060742814120714,1.3398152656367932,172937.611
0,1,0.23861886397671409,0.1858460921289171,0.2307412617762077,128337.6214
0,1,-0.7389965224638917,-0.5741562203829313,-0.7326853891410455,89594.65343
0,0,-0.21493293710177028,-0.16674698392831838,-0.21622786226513113,110363.331
0,0,1.206124184129021,0.9379888029179656,1.184204578730832,166679.9267
0,0,-0.7617157168417741,3.9902727233187845,-0.17771826431406082,96712.8
0,0,-0.013787886918151583,-0.01037597283661508,-0.018002154266456856,118334.7237
1,0,-0.8523629160889747,-0.6622877350920547,-0.8444064255760612,85101.93511
0,1,-0.17830819803179193,-0.1382747528726708,-0.18013467999760904,111814.772
1,0,-1.4218894647816342,-1.1050400790465968,-1.4056670838241625,62531.55709
0,1,0.689260518042575,0.5361768206834395,0.6748424752215101,146196.5825
0,1,0.8488443575570247,0.6602379627207551,0.8321101756949842,152520.9015
1,0,1.642301329709917,1.2770747544431038,1.6140512163962315,183965.6583
0,0,-1.55784722188249,-1.2107342019695615,-1.539651601958411,57143.54142
0,0,-0.11598793867257622,-0.0898267262908982,-0.11871891300987875,114284.5283
0,0,-1.1243215435797618,-0.8737095235902892,-1.1124179500042986,74324.19518
0,0,0.9640430659678336,0.7497939281163352,0.9456369341465033,157086.2346
1,0,0.6371149949052721,0.4956386644136791,0.6234537723441231,144130.0517
1,0,-0.9862943486032629,-0.7664065902136145,-0.9763940288284685,79794.22283
0,0,-0.7114255740998526,-0.552722454212667,-0.7055145949051925,90687.2921
0,1,0.7926030719575111,0.6165157508905048,0.7766851548941752,150292.0553
1,0,0.7799924349028099,0.606712195873727,0.7642575437793485,149792.2949
1,0,-0.6555076381684083,-0.5092516080231,-0.6504082303479436,92903.32391
1,0,-0.8336733052745715,-0.6477583539764428,-0.8259880693753116,85842.60573
1,0,0.42736884355101107,0.3325811252976342,0.41675179615576285,135817.7966
1,0,0.5036793652153568,0.39190524341622,0.49195477643284,138841.9881
0,0,-0.37147728973636884,-0.28844521858987265,-0.370500189645145,104159.467
1,0,-1.6069963714290176,-1.2489429594739316,-1.5880874195717782,55195.75709
0,0,-0.1028168288598883,-0.07958744586618388,-0.10573896440621382,114806.5004
1,0,-1.3853725089343456,-1.076651636537844,-1.3696801206347933,63978.72668
0,0,-0.7785314085464934,-0.6048908102886038,-0.7716464809036058,88027.88306
1,0,1.677287763795011,1.3042733632745536,1.6485298703933866,185352.1732
1,0,-1.4528016930490557,-1.129071369601776,-1.4361306638676652,61306.50327
0,1,1.6157004303500857,1.2563951078895144,1.587836391992058,182911.4628
0,0,-1.461855483754995,-1.1361098231398474,-1.4450530512387358,60947.70089
1,0,-0.7083645305754636,-0.5503427868580644,-0.7024979780621613,90808.60147
0,1,-0.8302889120821132,-0.6451273096338451,-0.8226527951877222,85976.72948
1,0,-1.1004367814317124,-0.855141407424466,-1.0888798413490273,75270.75002
1,0,-0.9248363550255653,-0.7186288947016218,-0.9158280129245642,82229.80752
0,1,1.1167503358746769,0.8685092042688706,1.0961278685979432,163138.0347
0,1,1.065919768054189,0.8289933045826215,1.0460350366463649,161123.6156
0,0,0.4844292816429668,0.3769401482399833,0.47298408054125646,138079.1059
0,1,-1.3341754781567126,-1.0368508512532275,-1.319226144940513,66007.66868
0,1,0.5024506364766936,0.39095002674807244,0.4907438805053143,138793.2935
1,0,-1.2675438898899067,-0.9850511693225515,-1.2535616214326553,68648.28331
0,0,-1.5364199172117667,-1.1940765304873437,-1.5185352850480915,57992.70704
0,0,-1.073038286223977,-0.8338416983903087,-1.0618789982107377,76356.55435
0,0,1.2985590759077539,1.0098480802689718,1.275297906807749,170343.1281
0,0,0.23678654919098827,0.18442164144246212,0.22893554086070209,128265.0066
1,0,-1.135121422493275,-0.8821053878994517,-1.1230610828521927,73896.1952
0,0,0.14849053316354188,0.11577995095693702,0.14192101930734657,124765.8292
1,0,0.1704567539477137,0.13285658786825175,0.1635684298468344,125636.3521
0,1,-0.4190528042316262,-0.32543063380657233,-0.41738521100755593,102274.046
0,0,1.4417598655733608,1.121172977369708,1.416420334486535,176018.1857
1,0,0.8855768798496928,0.6887939823232976,0.8683095756093621,153976.614
0,1,1.0787028582651939,0.8389309280828167,1.0586325977577569,161630.2104
0,0,0.617024202195902,0.4800199981465021,0.6036545691182846,143333.8521
1,0,-0.42611303645069576,-0.7815712619016053,-1.4952428411166712,99937.59
0,0,0.5096936690414451,0.39658078957853016,0.4978817902700512,139080.3354
0,1,-1.0354219415052528,-0.8045985877391448,-1.0248086023619656,77847.29279
0,0,0.832957110532555,0.6478871519082746,0.81645351024142,151891.2888
0,1,-1.6524162214704798,-1.284252547016178,-1.632848063224624,53395.76517
1,0,-1.6341577435468357,-1.2700583314354577,-1.614854581905189,54119.34996
1,0,1.339990946709695,1.0420573894503147,1.3161284507345272,171985.0761
1,0,-0.9674969545661699,-0.7517934205511091,-0.9578694527788678,80539.1649
0,1,1.1874992432482314,0.9235097017388777,1.165849953778794,165941.819
0,0,-0.05933707682684158,-0.04578610890459771,-0.06289026096722564,116529.6061
0,1,-1.161010952583354,-0.9022320232351491,-1.148574862419535,72870.19126
1,0,0.5216791634045458,0.4058983619454694,0.5096933315463292,139555.3214
0,1,0.5602224438384017,0.43586207225562557,0.5476772097276393,141082.7944
0,1,1.5131554722830538,1.1766762288157033,1.486779732154507,178847.5987
0,0,1.2615463172360923,0.9810742036361185,1.238822337047954,168876.3098
1,0,1.0743268594239899,0.8355290154920146,1.054320111089915,161456.7893
0,1,1.3740935583687333,1.068568907233143,1.3497361098982852,173336.5651
0,0,-1.1204629042074685,-0.8707097937551189,-1.1086153133261538,74477.11333
0,0,-0.35373617128163537,-0.2746532084594077,-0.3530165595265041,104862.5488
0,0,-0.18264108358392003,-0.14164315685310366,-0.1844046802673071,111643.0594
0,1,1.0745855391584451,0.8357301125434856,1.0545750360847632,161467.0408
0,1,0.40406611080548627,0.3144654831712786,0.3937872698398979,134894.3077
0,0,-1.6460138980427086,-1.2792753552766605,-1.6265386606840433,53649.48971
1,0,1.1468434116496562,0.8919036837119526,1.125784184836562,164330.6254
1,0,-1.7262692856574993,-1.3416662317984704,-1.705629252307249,50468.96294
1,0,1.1684431694766828,0.9086954236775895,1.1470704527343454,165186.6254
0,1,0.9752309644830301,0.7584914493500168,0.9566624555876677,157529.6118
0,0,1.1886633020532809,0.9244146498178131,1.1669971173566103,165987.9507
0,1,1.2237144060719887,0.9516635158911647,1.2015395037034753,167377.0285
0,0,0.043811467287252895,0.03440200418751902,0.03876122495930265,120617.3903
0,1,1.3528602634988518,1.0520620528658737,1.3288109868442022,172495.0881
0,1,1.6600640048091884,1.2908835358997202,1.6315560913654406,184669.5944
0,1,0.3773143149338894,0.2936685281131115,0.36742374028972724,133834.1321
0,0,-0.5400718066676818,-0.41951131690220217,-0.536647790651147,97478.0542
1,0,-0.5981022937638454,-0.46462445946122627,-0.5938360448683205,95178.30183
0,0,1.6591155124495185,1.2901461762618867,1.6306213641823342,184632.0056
0,1,0.7586082435211627,0.5900880330018801,0.7431837144782703,148944.8378
0,1,1.1644767468816999,0.9056119166428345,1.1431615973083467,165029.4358
1,0,-1.1858657637356114,-0.9215542590176472,-1.1730689409064858,71885.19331
0,0,-1.259072128586492,-0.9784651898239478,-1.245212815740393,68984.01982
0,0,0.1906553298797736,0.14855904268232203,0.18347385182052633,126436.8231
1,0,-0.1574198094745176,-0.12203603547223787,-0.15954945803765438,112642.5803
0,0,0.06623037760672171,0.05183055526525323,0.060854755340772955,121505.8533
0,0,1.2236281794938368,0.9515964873231112,1.2014545287051925,167373.6113
0,0,-0.3685518375061236,1.9317842076554002,-0.9796304499424531,107404.34
0,1,0.8300038502308557,0.645591273100567,0.8135431121462424,151774.2509
1,0,1.4260666283497327,1.1089729950194862,1.4009548627791066,175396.2616
0,1,0.9654658045073384,0.7508999732467414,0.9470390238201655,157142.6178
0,0,1.374266011525037,1.068702975716562,1.3499060598948514,173343.3994
0,1,-1.137794446415981,-0.8841834096768454,-1.125695312202951,73790.26307
0,0,-1.7127748261767421,-1.331175574385761,-1.692330646248926,51003.74933
0,0,-0.04635997681499521,-0.03569765694214379,-0.05010150500869986,117043.8895
0,0,0.933648197169323,0.7261648316640978,0.9156832043128972,155881.6838
1,0,0.45330148693016586,0.3527412692437023,0.44230806322224636,136845.5092
0,1,-1.1311765565428302,-0.8790386294962278,-1.1191734711757648,74052.53052
0,0,-0.19977861599159089,-0.15496595565988328,-0.20129348539796804,110963.8978
0,1,-0.5968735650251822,-0.4636692427930787,-0.5926251500417926,95226.99644
0,1,0.2779847459661383,2.5586573444865515,0.6125408521341636,125370.37
0,1,-0.9515881508971622,-0.739425849759789,-0.9421915435757325,81169.63193
0,1,1.6174249619131218,1.2577357700290743,1.5895358952607075,182979.8061
0,0,1.325655778091958,1.0309131722939768,1.3020013374520487,171416.9724
0,1,-0.3463637988496562,-0.2689218857559035,-0.3457511861633457,105154.7165
0,1,1.4389359451388892,1.1189776470877333,1.4136373988887816,175906.2735
1,0,-0.571954083939311,-0.4442967270740564,-0.5680673403061296,96214.55727
1,0,-0.7150255337376904,-0.5555210756490545,-0.7090623054874912,90544.62544
0,1,0.25521748027093616,0.19874992550660153,0.2470989720666034,128995.4258
0,1,-0.540869402515586,-0.4201313680354581,-0.5374338104862608,97446.44542
1,0,1.0864201370097801,0.8449303764058472,1.0662378711140468,161936.0467
0,1,-0.8604251011461683,-0.6685553090346098,-0.8523515989254822,84782.43014
0,0,-1.2798527339210766,-0.9946201186774858,-1.2656918200534917,68160.48294
0,0,-0.6550765052776493,-0.5089164538355202,-0.6499833542555318,92920.40974
1,0,0.8997827086002024,0.699837650953899,0.8823092263944164,154539.592
1,0,1.530185221468035,1.1899152277282794,1.5035623185373148,179522.4889
1,0,-0.5008387136086114,-0.3890113440056834,-0.49798411138257637,99032.8645
1,0,0.7982724694709922,0.6209231714332888,0.7822722687382547,150516.734
0,1,-0.7246182405570785,-0.5629784832689108,-0.7185157872584279,90164.46578
0,1,0.5389029223903684,0.41928818932030265,0.5266671116752729,140237.9002
1,0,-0.2519456957734318,-0.19552086056117324,-0.2527034320249256,108896.5127
0,0,0.23163451114641803,0.18041642634993196,0.22385827700631947,128060.831
1,0,1.5786014451002723,1.2275542026886042,1.5512758472339805,181441.2273
0,1,0.20100251925798995,0.15660299282506507,0.19367086592743554,126846.883
0,0,0.546081285021506,0.4248686722142363,0.5337412901912973,140522.3792
0,0,0.4229281747761932,0.329128932770308,0.4123755771382107,135641.8126
1,0,1.334817352020587,1.0380354143789432,1.311029944231571,171780.0462
0,0,1.5909102891314422,1.2371231520435386,1.5634060458548176,181929.0277
0,1,1.8018679239087365,1.6304722414008468,2.6957361851666675,192261.83
1,0,-1.5478018255278048,-1.2029248688359722,-1.529752000675791,57541.6412
1,0,-0.25867136886927244,-0.20074942928868741,-0.2593314906989676,108629.9738
0,0,0.23504046098341425,0.18306423067137095,0.2272147938424818,128195.809
0,1,-0.24230987566496778,-0.1880299329836342,-0.24320746165384982,109278.3809
0,0,0.5572476268921646,0.4335494334690766,0.5447455678828907,140964.9022
0,1,-0.10169566777746959,-2.6379845878560864,-0.9508702995454034,108552.04
0,1,0.6968915702090096,0.5421092290911046,0.6823627724785193,146499.0017
0,0,-0.720888941052013,-0.560079313306787,-0.7148406141787048,90312.25819
1,0,0.10971012963976842,0.08563190357415128,0.10370345988075884,123228.959
1,0,0.876760212233671,0.6819398658578558,0.8596208699239685,153627.2089
1,0,-0.30673126116729754,-1.903848721172318,0.8569008937755779,108733.99
0,1,0.8951695866690809,0.6962513899431538,0.8777630584812965,154356.7737
1,0,0.6770163439450191,0.5266581399177175,0.6627760078493861,145711.345
0,0,1.1469943081614218,0.8920209922165302,1.1259328921845542,164336.6055
0,0,1.211728911708888,0.9423459435242272,1.1897279624271966,166902.0425
0,0,0.21635085016901093,0.16853484955576056,0.20879643764173256,127455.1384
0,0,0.7814367300868527,0.6078349896356645,0.7656808761015834,149849.5324
0,0,1.117181468765436,0.8688443698037607,1.0965527446903547,163155.1205
0,0,-0.753698154038774,-0.5855853344849469,-0.7471736461662257,89012.02672
0,1,0.8030796012029552,0.6246602495589825,0.7870096314985082,150707.2409
0,0,-1.561684304610245,-1.2137171718258906,-1.5434329947768857,56991.47755
1,0,0.505360783489317,0.39321238559809896,0.4936117911013505,138908.6228
0,1,0.039478581735124786,0.031033600207087807,0.034491225790602285,120445.6777
0,0,0.05974182760079852,0.0467863349576822,0.05446037791200859,121248.7116
0,0,-1.6794266970765324,-1.305250599125816,-1.6594665192009403,52325.33808
0,0,-1.267004973776458,-0.9846322152407665,-1.2530305276933875,68669.64059
0,0,0.70635493716117,0.5494660881852246,0.6916887917520319,146874.0356
0,0,1.435529995301893,1.1163298541136077,1.4102808820526191,175771.2955
1,0,-0.6656177044567072,-0.5171112210932117,-0.6603715632095749,92502.66126
0,0,-0.2747095124055078,-0.21321754860574388,-0.2751368623995273,107994.381
0,0,-1.0682742677810897,-0.830138128874986,-1.0571841229496255,76545.35274
1,0,1.2791149825345223,0.994732156630478,1.2561360171700295,169572.5573
1,0,-0.2235124816278747,-0.17341676332112888,-0.22468288670524678,110023.323
0,0,-1.58319783585912,-1.2304418832234738,-1.564634286905688,56138.89476
0,1,-0.24093025041453892,-0.1869574078109106,-0.241847860580327,109333.0556
0,1,-0.7670848302968415,-0.5959921920034494,-0.7603660333665953,88481.51178
1,0,-1.5043220734947582,-1.1691235318743878,-1.4869032971267033,59264.74689
0,0,-1.1426591343888604,-0.45195796644741637,-0.5961193895724378,78239.91
0,1,0.641081417500255,0.4987221827957444,0.6273626277701218,144287.2413
0,0,-0.02978291716531106,-0.022810583543300702,-0.033765038467874875,117700.8395
1,0,-0.5988567763226736,-0.46521099063679944,-0.5945795772042931,95148.40164
1,0,-0.49353101111024616,-0.38333030123870154,-0.4907824703691278,99322.46927
1,0,0.3777023345355725,0.2939701736903204,0.36780612778199995,133849.5093
0,1,-1.19871352388023,-0.9315421624543648,-1.18573023326659,71376.03566
0,1,-1.3531668819946472,-1.051614849377993,-1.33794191473625,65255.03798
1,0,1.0544085198709232,0.8200444063609448,1.034690857860642,160667.424
1,0,0.026070348832519404,0.020609982709742226,0.021277594840662068,119914.3085
0,1,0.20677969999416076,0.16109419056743374,0.1993641996203665,127075.833
0,0,-0.8597568451654919,-0.6680358064270885,-0.8516930426887902,84808.91317
0,0,1.7425548164625648,3.2735390932977637,2.388716716021064,191792.06
1,0,1.3972669512470304,1.0865840008337624,1.372573173716726,174254.9283
1,0,-0.24666431786163384,-0.19141509694290845,-0.24749870567311857,109105.8141
0,1,0.21113414219082682,0.1644793545267063,0.20365544253863754,127248.3999
0,0,-1.4949449331207496,-1.1618337013483195,-1.4776622530716734,59636.36364
0,1,0.504455404418723,0.3925085459179464,0.4927195525183832,138872.7426
0,1,1.082561497637487,0.841930657917987,1.0624352344359018,161783.1286
0,1,1.1001301629359168,0.8555886109123465,1.0797489145579766,162479.376
0,0,0.5890867908747178,0.45830133503056,0.5761226311397301,142226.6905
1,0,-1.3678685135695297,-1.0630439634800088,-1.3524301717614304,64672.41127
0,0,-0.13646675098362945,-0.10574703813528084,-0.13890050372798998,113472.9515
1,0,0.7144386788629016,0.555750422106621,0.6996552099520214,147194.3948
1,0,1.0796297939803257,0.8396515390891208,1.0595460800902947,161666.9449
0,0,-0.07319799926474392,-0.05656165191567466,-0.07655001065815098,115980.2967
1,0,1.558230416011909,1.2117176793911149,1.5312004763647211,180633.922
0,0,0.948953414791268,0.7380631684371106,0.9307662885280525,156488.2307
0,0,-0.49467351327075754,-0.38421848933879554,-0.4919083901973727,99277.19183
0,0,1.5813606956011301,1.2296992530340514,1.553995051583022,181550.5766
0,0,-0.6204134208606245,-0.4819692219920655,-0.6158233565019371,94294.11026
1,0,1.5820936215154204,1.2302690355780985,1.5547173401694239,181579.6225
1,0,-0.7642824665069079,-0.5938136217003196,-0.7576043426194102,88592.56966
0,1,-0.40650683711053887,-0.3156773360316965,-0.4050213311414417,102771.2435
0,0,0.9005371911590306,0.7004241934767842,0.8830527587303887,154569.4922
0,1,0.9700789264384598,0.7544862342574866,0.9515851917332848,157325.4362
0,1,-1.5549586315144044,-1.2084886030983764,-1.5368049355523448,57258.01646
0,0,0.03695645432418455,0.029072886934270206,0.03200570268683886,120345.7256
0,0,-0.7715901690052732,-0.5994946644672997,-0.7648059836328592,88302.96488
0,0,0.598162138225195,0.46535654854747266,0.5850662618199719,142586.3472
1,0,0.07659912362947603,0.05989126538683762,0.07107301429825025,121916.7675
0,0,1.1420147232731552,0.8881498456074192,1.1210255783267373,164139.2642
1,0,0.16618853832919947,0.12953845247703275,0.1593621619268461,125467.2024
0,1,-1.735150623207135,-1.3485706168531244,-1.714381689571654,50116.99489
1,0,1.665000476408379,1.2947211738984605,1.636420916623119,184865.2271
0,0,-0.46624029912520043,-0.3621143920987512,-0.46388784487769413,100404.0021
0,1,1.4794839935147748,1.1504998765677668,1.4535969490831606,177513.1956
0,1,-1.021302339332895,-0.7936219590239072,-1.0108939265751944,78406.85364
1,0,1.379008473323386,1.072389785253042,1.3545796925073903,173531.3435
0,1,0.9089227258842935,0.7069431444073359,0.8913165894243684,154901.8116
1,0,1.4992514365560756,1.1658671658469453,1.4730774949644407,178296.5808
1,0,-1.0476661156028089,-0.814117268504867,-1.03687506973409,77362.05529
0,1,-0.9862296786696492,-0.7663563216244023,-0.9763302975797564,79796.7857
0,1,0.8391007542258709,0.652663246596321,0.822507987677053,152134.7618
0,1,1.4624758009743315,1.137277637634032,1.4368356064499237,176839.1597
1,0,-1.0399488368582224,-0.8081178201818364,-1.0292697963778001,77667.8916
